Customer Name,Recency,Frequency,Monetary,R_Score,F_Score,M_Score,RFM_Segment,RFM_Score,Segment
Aaron Bergman,416,6,886.156,1,1,1,111,3,Low Value
Aaron Hawkins,13,11,1744.7,5,3,3,533,11,Mid Value
Aaron Smayling,89,10,3050.692,3,2,4,324,9,Mid Value
Adam Bellavance,55,18,7755.62,3,4,5,345,12,High Value
Adam Hart,35,20,3250.337,4,5,4,454,13,High Value
Adam Shillingsburg,29,25,3255.31,4,5,4,454,13,High Value
Adrian Barton,42,20,14473.570999999998,4,5,5,455,14,High Value
Adrian Hane,61,16,1735.5140000000001,3,4,2,342,9,Mid Value
Adrian Shami,42,3,58.82,4,1,1,411,6,Low Value
Aimee Bixby,42,12,966.71,4,3,2,432,9,Mid Value
Alan Barnes,26,14,1113.838,5,4,2,542,11,Mid Value
Alan Dominguez,30,12,6106.88,4,3,5,435,12,High Value
Alan Haines,56,8,1587.452,3,2,2,322,7,Low Value
Alan Hwang,7,13,4805.344,5,3,5,535,13,High Value
Alan Schoenberger,23,13,4260.784,5,3,4,534,12,High Value
Alan Shonely,193,13,584.6080000000001,2,3,1,231,6,Low Value
Alejandro Ballentine,167,14,914.5319999999999,2,4,1,241,7,Low Value
Alejandro Grove,279,14,2582.898,1,4,3,143,8,Low Value
Alejandro Savely,20,8,3214.236,5,2,4,524,11,Mid Value
Aleksandra Gannaway,119,5,367.548,2,1,1,211,4,Low Value
Alex Avila,185,11,5563.56,2,3,5,235,10,Mid Value
Alex Grayson,9,9,660.972,5,2,1,521,8,Low Value
Alex Russell,112,5,1055.694,2,1,2,212,5,Low Value
Alice McCarthy,29,12,814.012,4,3,1,431,8,Low Value
Allen Armold,20,15,1056.39,5,4,2,542,11,Mid Value
Allen Goldenen,115,8,200.945,2,2,1,221,5,Low Value
Allen Rosenblatt,126,7,2236.128,2,1,3,213,6,Low Value
Alyssa Crouse,233,5,925.8,1,1,1,111,3,Low Value
Alyssa Tate,22,9,1171.814,5,2,2,522,9,Mid Value
Amy Cox,12,9,5527.846,5,2,5,525,12,High Value
Amy Hunt,231,8,2495.3916,1,2,3,123,6,Low Value
Andrew Allen,260,12,1790.5120000000002,1,3,3,133,7,Low Value
Andrew Gjertsen,79,21,2356.855,3,5,3,353,11,Mid Value
Andrew Roberts,15,7,264.86400000000003,5,1,1,511,7,Low Value
Andy Gerbode,846,9,1455.038,1,2,2,122,5,Low Value
Andy Reiter,7,9,6608.448,5,2,5,525,12,High Value
Andy Yotov,15,10,497.014,5,2,1,521,8,Low Value
Anemone Ratner,535,2,88.15,1,1,1,111,3,Low Value
Angele Hood,22,5,738.504,5,1,1,511,7,Low Value
Ann Blume,51,8,1515.862,4,2,2,422,8,Low Value
Ann Chong,7,18,2537.6859999999997,5,4,3,543,12,High Value
Ann Steele,93,12,833.398,3,3,1,331,7,Low Value
Anna Andreadi,56,18,5086.9349999999995,3,4,5,345,12,High Value
Anna Chung,283,6,657.316,1,1,1,111,3,Low Value
Anna Gayman,98,15,3489.0396000000005,3,4,4,344,11,Mid Value
Anna Häberlin,411,23,7888.294,1,5,5,155,11,Mid Value
Anne McFarland,163,22,5664.022,2,5,5,255,12,High Value
Anne Pryor,42,19,1638.554,4,5,2,452,11,Mid Value
Annie Thurman,14,16,3831.864,5,4,4,544,13,High Value
Annie Zypern,161,12,1622.0179999999998,2,3,2,232,7,Low Value
Anthony Garverick,78,5,170.584,3,1,1,311,5,Low Value
Anthony Jacobs,76,15,4867.344,3,4,5,345,12,High Value
Anthony Johnson,167,21,4501.391,2,5,5,255,12,High Value
Anthony O'Donnell,502,1,161.28,1,1,1,111,3,Low Value
Anthony Rawles,59,13,4523.336,3,3,5,335,11,Mid Value
Anthony Witt,21,8,649.376,5,2,1,521,8,Low Value
Arianne Irving,14,18,4375.786,5,4,5,545,14,High Value
Art Ferguson,42,16,2052.908,4,4,3,443,11,Mid Value
Art Foster,416,7,861.565,1,1,1,111,3,Low Value
Arthur Gainer,97,21,4510.797,3,5,5,355,13,High Value
Arthur Prichep,99,31,3323.556,3,5,4,354,12,High Value
Arthur Wiediger,47,16,2852.968,4,4,4,444,12,High Value
Ashley Jarboe,86,10,1839.24,3,2,3,323,8,Low Value
Astrea Jones,75,5,629.2479999999999,3,1,1,311,5,Low Value
Barbara Fisher,92,13,599.798,3,3,1,331,7,Low Value
Barry Blumstein,106,8,744.3399999999999,2,2,1,221,5,Low Value
Barry Franz,40,10,1333.88,4,2,2,422,8,Low Value
Barry Französisch,75,21,2888.506,3,5,4,354,12,High Value
Barry Gonzalez,29,12,2798.948,4,3,4,434,11,Mid Value
Barry Pond,84,7,983.42,3,1,2,312,6,Low Value
Barry Weirich,213,3,385.516,2,1,1,211,4,Low Value
Bart Folk,26,6,272.95,5,1,1,511,7,Low Value
Bart Pistole,18,20,2442.044,5,5,3,553,13,High Value
Bart Watters,122,17,4750.358,2,4,5,245,11,Mid Value
Becky Castell,203,18,2933.676,2,4,4,244,10,Mid Value
Becky Martin,308,16,11789.63,1,4,5,145,10,Mid Value
Becky Pak,90,11,1697.8609999999999,3,3,2,332,8,Low Value
Ben Ferrer,17,27,5907.972,5,5,5,555,15,High Value
Ben Peterman,2,18,3675.861,5,4,4,544,13,High Value
Ben Wallace,204,10,1738.406,2,2,2,222,6,Low Value
Benjamin Farhat,66,8,1585.162,3,2,2,322,7,Low Value
Benjamin Patterson,40,6,1181.49,4,1,2,412,7,Low Value
Benjamin Venier,335,14,1523.2730000000001,1,4,2,142,7,Low Value
Berenike Kampe,78,16,659.1379999999999,3,4,1,341,8,Low Value
Beth Fritzler,58,4,791.9899999999999,3,1,1,311,5,Low Value
Beth Paige,13,16,2475.157,5,4,3,543,12,High Value
Beth Thompson,337,9,2567.656,1,2,3,123,6,Low Value
Bill Donatelli,34,19,5718.521,4,5,5,455,14,High Value
Bill Eplett,120,9,4204.676,2,2,4,224,8,Low Value
Bill Overfelt,138,12,2682.728,2,3,3,233,8,Low Value
Bill Shonely,559,9,10501.653,1,2,5,125,8,Low Value
Bill Stewart,29,13,3887.834,4,3,4,434,11,Mid Value
Bill Tyler,303,10,2186.6130000000003,1,2,3,123,6,Low Value
Bobby Elias,99,5,2261.438,3,1,3,313,7,Low Value
Bobby Odegard,76,2,130.83,3,1,1,311,5,Low Value
Bobby Trafton,561,7,603.876,1,1,1,111,3,Low Value
Brad Eason,255,13,1727.652,1,3,2,132,6,Low Value
Brad Norvell,25,6,265.296,5,1,1,511,7,Low Value
Brad Thomas,660,3,415.19599999999997,1,1,1,111,3,Low Value
Bradley Drucker,36,10,4411.2429999999995,4,2,5,425,11,Mid Value
Bradley Nguyen,10,17,1459.344,5,4,2,542,11,Mid Value
Bradley Talbott,92,10,2684.4919999999997,3,2,3,323,8,Low Value
Brenda Bowman,29,20,6765.728,4,5,5,455,14,High Value
Brendan Dodson,279,4,320.54,1,1,1,111,3,Low Value
Brendan Murry,101,10,808.162,3,2,1,321,6,Low Value
Brendan Sweed,36,10,2454.928,4,2,3,423,9,Mid Value
Brian Dahlen,98,20,3288.471,3,5,4,354,12,High Value
Brian DeCherney,70,8,1538.11,3,2,2,322,7,Low Value
Brian Derr,10,5,582.646,5,1,1,511,7,Low Value
Brian Moss,34,29,7294.185,4,5,5,455,14,High Value
Brian Stugart,583,11,3288.1099999999997,1,3,4,134,8,Low Value
Brian Thompson,21,20,3196.752,5,5,4,554,14,High Value
Brooke Gillingham,37,8,1874.172,4,2,3,423,9,Mid Value
Brosina Hoffman,24,24,6255.351,5,5,5,555,15,High Value
Bruce Degenhardt,94,10,1526.5,3,2,2,322,7,Low Value
Bruce Geld,58,7,1006.356,3,1,2,312,6,Low Value
Bruce Stewart,2,14,2562.382,5,4,3,543,12,High Value
Bryan Davis,328,10,658.466,1,2,1,121,4,Low Value
Bryan Mills,219,14,1338.842,2,4,2,242,8,Low Value
Bryan Spruell,266,8,949.4300000000001,1,2,1,121,4,Low Value
Candace McMahon,132,10,1673.888,2,2,2,222,6,Low Value
Cari Sayre,92,8,1278.954,3,2,2,322,7,Low Value
Cari Schnelling,163,7,537.632,2,1,1,211,4,Low Value
Carl Jackson,366,1,16.52,1,1,1,111,3,Low Value
Carl Ludwig,107,7,1262.0140000000001,2,1,2,212,5,Low Value
Carl Weiss,23,11,1136.592,5,3,2,532,10,Mid Value
Carlos Daly,41,9,2033.968,4,2,3,423,9,Mid Value
Carlos Meador,709,4,565.392,1,1,1,111,3,Low Value
Carlos Soltero,26,22,3036.547,5,5,4,554,14,High Value
Carol Adams,97,10,3789.7228,3,2,4,324,9,Mid Value
Carol Darley,55,6,639.766,3,1,1,311,5,Low Value
Carol Triggs,97,18,3241.898,3,4,4,344,11,Mid Value
Caroline Jumper,190,20,11164.974,2,5,5,255,12,High Value
Cassandra Brandow,48,26,6076.139,4,5,5,455,14,High Value
Catherine Glotzbach,50,9,904.4680000000001,4,2,1,421,7,Low Value
Cathy Armstrong,402,10,1679.7240000000002,1,2,2,122,5,Low Value
Cathy Hwang,692,4,1537.236,1,1,2,112,4,Low Value
Cathy Prescott,83,14,5402.254,3,4,5,345,12,High Value
Chad Cunningham,458,13,1770.945,1,3,3,133,7,Low Value
Chad McGuire,9,7,1661.6100000000001,5,1,2,512,8,Low Value
Chad Sievert,490,7,884.64,1,1,1,111,3,Low Value
Charles Crestani,107,11,2471.65,2,3,3,233,8,Low Value
Charles McCrossin,27,7,2533.314,5,1,3,513,9,Mid Value
Charles Sheldon,233,8,844.4580000000001,1,2,1,121,4,Low Value
Charlotte Melton,9,7,1475.144,5,1,2,512,8,Low Value
Chloris Kastensmidt,40,32,3154.855,4,5,4,454,13,High Value
Chris Cortes,21,22,3913.418,5,5,4,554,14,High Value
Chris McAfee,386,8,2305.712,1,2,3,123,6,Low Value
Chris Selesnick,27,28,2754.216,5,5,4,554,14,High Value
Christina Anderson,57,17,2648.2872,3,4,3,343,10,Mid Value
Christina DeMoss,43,13,1205.584,4,3,2,432,9,Mid Value
Christina VanderZanden,255,13,2830.6279999999997,1,3,4,134,8,Low Value
Christine Abelman,14,11,1421.954,5,3,2,532,10,Mid Value
Christine Kargatis,121,12,2945.321,2,3,4,234,9,Mid Value
Christine Phan,161,15,5888.275,2,4,5,245,11,Mid Value
Christine Sundaresam,7,22,3202.1620000000003,5,5,4,554,14,High Value
Christopher Conant,44,11,12129.072000000002,4,3,5,435,12,High Value
Christopher Martinez,38,10,8954.019999999999,4,2,5,425,11,Mid Value
Christopher Schild,3,14,3651.8585000000003,5,4,4,544,13,High Value
Christy Brittain,27,12,1949.2,5,3,3,533,11,Mid Value
Chuck Clark,1,19,2870.05,5,5,4,554,14,High Value
Chuck Magee,437,9,287.99,1,2,1,121,4,Low Value
Chuck Sachs,28,6,550.644,4,1,1,411,6,Low Value
Cindy Chapman,40,13,1659.438,4,3,2,432,9,Mid Value
Cindy Schnelling,425,9,1077.2285,1,2,2,122,5,Low Value
Cindy Stewart,59,9,5690.054999999999,3,2,5,325,10,Mid Value
Claire Gute,339,5,1148.7800000000002,1,1,2,112,4,Low Value
Claudia Bergmann,198,19,4246.4555,2,5,4,254,11,Mid Value
Clay Cheatham,28,4,113.832,4,1,1,411,6,Low Value
Clay Ludtke,285,28,10880.546,1,5,5,155,11,Mid Value
Clay Rozendal,58,6,2148.852,3,1,3,313,7,Low Value
Clytie Kelty,44,25,2372.75,4,5,3,453,12,High Value
Corey Catlett,35,12,2540.631,4,3,3,433,10,Mid Value
Corey Roper,471,4,475.9,1,1,1,111,3,Low Value
Corey-Lock,550,8,1300.076,1,2,2,122,5,Low Value
Corinna Mitchell,28,10,6339.5576,4,2,5,425,11,Mid Value
Craig Carreira,30,14,2269.7015,4,4,3,443,11,Mid Value
Craig Carroll,800,12,2854.1150000000002,1,3,4,134,8,Low Value
Craig Leslie,106,8,2353.586,2,2,3,223,7,Low Value
Craig Molinari,1036,13,3984.4524,1,3,4,134,8,Low Value
Craig Reiter,79,6,1600.55,3,1,2,312,6,Low Value
Craig Yedwab,61,11,2900.026,3,3,4,334,10,Mid Value
Cyma Kinney,83,14,1582.109,3,4,2,342,9,Mid Value
Cynthia Arntzen,121,17,3041.566,2,4,4,244,10,Mid Value
Cynthia Delaney,400,15,1860.732,1,4,3,143,8,Low Value
Cynthia Voltz,6,19,2370.3136,5,5,3,553,13,High Value
Cyra Reiten,86,7,1397.8724,3,1,2,312,6,Low Value
Damala Kotsonis,22,27,3256.48,5,5,4,554,14,High Value
Dan Campbell,38,18,3336.168,4,4,4,444,12,High Value
Dan Lawera,101,14,1503.112,3,4,2,342,9,Mid Value
Dan Reichenbach,4,24,6528.034000000001,5,5,5,555,15,High Value
Dana Kaydos,46,15,4282.176,4,4,4,444,12,High Value
Daniel Byrd,22,12,2171.599,5,3,3,533,11,Mid Value
Daniel Lacy,58,14,3272.2,3,4,4,344,11,Mid Value
Daniel Raglin,51,13,8350.868,4,3,5,435,12,High Value
Dario Medina,115,9,1322.034,2,2,2,222,6,Low Value
Darren Budd,242,14,2839.2272,1,4,4,144,9,Mid Value
Darren Koutras,8,8,1687.04,5,2,2,522,9,Mid Value
Darren Powers,127,17,1050.636,2,4,2,242,8,Low Value
Darrin Martin,58,20,6345.103,3,5,5,355,13,High Value
Darrin Sayre,94,19,1762.213,3,5,3,353,11,Mid Value
Darrin Van Huff,20,9,1119.483,5,2,2,522,9,Mid Value
Dave Brooks,17,13,4531.646,5,3,5,535,13,High Value
Dave Hallsten,278,23,4932.872,1,5,5,155,11,Mid Value
Dave Kipp,43,13,2650.557,4,3,3,433,10,Mid Value
Dave Poirier,7,14,2215.002,5,4,3,543,12,High Value
David Bremer,49,14,2973.094,4,4,4,444,12,High Value
David Flashing,701,6,2390.534,1,1,3,113,5,Low Value
David Kendrick,11,5,797.832,5,1,1,511,7,Low Value
David Philippe,813,4,1058.616,1,1,2,112,4,Low Value
David Smith,24,20,2881.8128,5,5,4,554,14,High Value
David Wiener,70,9,1080.751,3,2,2,322,7,Low Value
Dean Braden,10,21,2332.577,5,5,3,553,13,High Value
Dean Katz,11,19,4802.394,5,5,5,555,15,High Value
Dean percer,85,29,7198.7609999999995,3,5,5,355,13,High Value
Deanra Eno,720,9,2550.874,1,2,3,123,6,Low Value
Deborah Brumfield,54,13,4655.897,4,3,5,435,12,High Value
Debra Catini,24,7,1174.618,5,1,2,512,8,Low Value
Deirdre Greer,33,8,3195.818,4,2,4,424,10,Mid Value
Delfina Latchford,23,17,1458.258,5,4,2,542,11,Mid Value
Denise Leinenbach,58,8,585.02,3,2,1,321,6,Low Value
Denise Monton,23,13,4074.4719999999998,5,3,4,534,12,High Value
Dennis Bolton,265,6,1081.466,1,1,2,112,4,Low Value
Dennis Kane,20,23,3318.486,5,5,4,554,14,High Value
Dennis Pardue,359,14,5480.723999999999,1,4,5,145,10,Mid Value
Denny Blanton,188,14,1711.692,2,4,2,242,8,Low Value
Denny Joy,638,5,2012.52,1,1,3,113,5,Low Value
Denny Ordway,134,13,1300.0315,2,3,2,232,7,Low Value
Dianna Arnett,353,8,156.76,1,2,1,121,4,Low Value
Dianna Vittorini,30,15,3341.587,4,4,4,444,12,High Value
Dianna Wilson,218,11,5271.628,2,3,5,235,10,Mid Value
Dionis Lloyd,77,12,3539.322,3,3,4,334,10,Mid Value
Don Jones,49,13,2501.6879999999996,4,3,3,433,10,Mid Value
Don Miller,482,10,1376.792,1,2,2,122,5,Low Value
Don Weiss,99,9,344.08,3,2,1,321,6,Low Value
Dorothy Badders,108,14,3908.8028,2,4,4,244,10,Mid Value
Dorothy Dickinson,42,9,269.542,4,2,1,421,7,Low Value
Dorothy Wardle,243,10,1204.854,1,2,2,122,5,Low Value
Dorris liebe,120,6,755.602,2,1,1,211,4,Low Value
Doug Bickford,34,11,1989.05,4,3,3,433,10,Mid Value
Doug Jacobs,13,8,3356.398,5,2,4,524,11,Mid Value
Doug O'Connell,27,11,1267.316,5,3,2,532,10,Mid Value
Duane Benoit,13,10,1155.202,5,2,2,522,9,Mid Value
Duane Huffman,777,11,1043.096,1,3,2,132,6,Low Value
Duane Noonan,218,11,2139.79,2,3,3,233,8,Low Value
Ed Braxton,49,12,3644.978,4,3,4,434,11,Mid Value
Ed Jacobs,303,8,2162.174,1,2,3,123,6,Low Value
Ed Ludwig,78,2,124.28,3,1,1,311,5,Low Value
Edward Becker,36,20,3236.314,4,5,4,454,13,High Value
Edward Hooks,136,32,10310.880000000001,2,5,5,255,12,High Value
Edward Nazzal,288,9,2199.366,1,2,3,123,6,Low Value
Eileen Kiefer,45,4,1303.478,4,1,2,412,7,Low Value
Eleni McCrary,133,7,2567.0099999999998,2,1,3,213,6,Low Value
Elizabeth Moffitt,56,16,2339.598,3,4,3,343,10,Mid Value
Ellis Ballard,91,8,4358.128,3,2,5,325,10,Mid Value
Elpida Rittenbach,422,5,1245.788,1,1,2,112,4,Low Value
Emily Burns,101,11,2767.219,3,3,4,334,10,Mid Value
Emily Ducich,136,14,3484.92,2,4,4,244,10,Mid Value
Emily Grady,23,9,1832.02,5,2,3,523,10,Mid Value
Emily Phan,13,31,5478.0608,5,5,5,555,15,High Value
Eric Barreto,162,7,944.6000000000001,2,1,1,211,4,Low Value
Eric Hoffmann,218,17,684.1709999999999,2,4,1,241,7,Low Value
Eric Murdock,152,6,933.704,2,1,1,211,4,Low Value
Erica Bern,1,6,1643.255,5,1,2,512,8,Low Value
Erica Hackney,406,8,825.9499999999999,1,2,1,121,4,Low Value
Erica Hernandez,3,11,1219.53,5,3,2,532,10,Mid Value
Erica Smith,41,8,3510.4579999999996,4,2,4,424,10,Mid Value
Erin Ashbrook,153,25,2846.705,2,5,4,254,11,Mid Value
Erin Creighton,54,7,461.914,4,1,1,411,6,Low Value
Erin Mull,48,6,228.99,4,1,1,411,6,Low Value
Erin Smith,29,20,4657.924,4,5,5,455,14,High Value
Eudokia Martin,114,10,1041.0420000000001,2,2,2,222,6,Low Value
Eugene Barchas,114,11,3071.126,2,3,4,234,9,Mid Value
Eugene Hildebrand,153,18,3082.653,2,4,4,244,10,Mid Value
Eugene Moren,49,21,4588.436000000001,4,5,5,455,14,High Value
Eva Jacobs,58,8,2656.691,3,2,3,323,8,Low Value
Evan Bailliet,83,7,1186.326,3,1,2,312,6,Low Value
Evan Henry,106,8,923.884,2,2,1,221,5,Low Value
Evan Minnotte,159,4,366.822,2,1,1,211,4,Low Value
Filia McAdams,8,15,2456.638,5,4,3,543,12,High Value
Frank Atkinson,98,17,2984.054,3,4,4,344,11,Mid Value
Frank Carlisle,71,14,3418.742,3,4,4,344,11,Mid Value
Frank Gastineau,35,11,1383.144,4,3,2,432,9,Mid Value
Frank Hawley,38,21,4256.272,4,5,4,454,13,High Value
Frank Merwin,37,20,3736.198,4,5,4,454,13,High Value
Frank Olsen,39,15,2678.438,4,4,3,443,11,Mid Value
Frank Preis,24,14,4046.746,5,4,4,544,13,High Value
Fred Chung,185,10,3889.366,2,2,4,224,8,Low Value
Fred Harton,213,14,2271.284,2,4,3,243,9,Mid Value
Fred Hopkins,6,13,6987.196,5,3,5,535,13,High Value
Fred McMath,146,14,2523.266,2,4,3,243,9,Mid Value
Fred Wasserman,363,3,79.75,1,1,1,111,3,Low Value
Gary Hansen,76,17,2819.4669999999996,3,4,4,344,11,Mid Value
Gary Hwang,51,10,4172.8460000000005,4,2,4,424,10,Mid Value
Gary McGarr,84,11,3582.8199999999997,3,3,4,334,10,Mid Value
Gary Mitchum,17,12,3078.624,5,3,4,534,12,High Value
Gary Zandusky,8,14,4355.150000000001,5,4,5,545,14,High Value
Gene Hale,388,3,1361.2440000000001,1,1,2,112,4,Low Value
Gene McClure,107,13,1255.682,2,3,2,232,7,Low Value
George Ashbrook,150,14,3919.7760000000003,2,4,4,244,10,Mid Value
George Bell,63,20,1568.44,3,5,2,352,10,Mid Value
George Zrebassa,158,5,2454.6220000000003,2,1,3,213,6,Low Value
Georgia Rosenberg,1136,5,1284.38,1,1,2,112,4,Low Value
Giulietta Baptist,14,16,4716.288,5,4,5,545,14,High Value
Giulietta Dortch,6,6,1888.07,5,1,3,513,9,Mid Value
Giulietta Weimer,29,9,2189.019,4,2,3,423,9,Mid Value
Grace Kelly,113,14,6497.27,2,4,5,245,11,Mid Value
Grant Thornton,57,6,9351.212,3,1,5,315,9,Mid Value
Greg Guthrie,44,24,2224.0,4,5,3,453,12,High Value
Greg Hansen,3,3,146.94080000000002,5,1,1,511,7,Low Value
Greg Matthias,153,11,3163.628,2,3,4,234,9,Mid Value
Greg Maxwell,118,11,6049.966,2,3,5,235,10,Mid Value
Greg Tran,37,29,11820.119999999999,4,5,5,455,14,High Value
Guy Armstrong,6,22,1398.382,5,5,2,552,12,High Value
Guy Phonely,766,5,236.53,1,1,1,111,3,Low Value
Guy Thornton,35,7,226.436,4,1,1,411,6,Low Value
Hallie Redmond,14,13,1299.288,5,3,2,532,10,Mid Value
Harold Dahlen,770,7,251.36,1,1,1,111,3,Low Value
Harold Engle,13,11,883.5319999999999,5,3,1,531,9,Mid Value
Harold Pawlan,31,10,1990.314,4,2,3,423,9,Mid Value
Harold Ryan,160,14,5248.787,2,4,5,245,11,Mid Value
Harry Greene,55,10,785.628,3,2,1,321,6,Low Value
Harry Marie,3,20,8236.7648,5,5,5,555,15,High Value
Heather Jas,127,6,358.1,2,1,1,211,4,Low Value
Heather Kirkland,152,15,4877.784,2,4,5,245,11,Mid Value
Helen Abelman,70,10,2163.3,3,2,3,323,8,Low Value
Helen Andreada,21,18,2584.158,5,4,3,543,12,High Value
Helen Wasserman,118,20,9300.254,2,5,5,255,12,High Value
Henia Zydlo,36,6,886.52,4,1,1,411,6,Low Value
Henry Goldwyn,24,17,3247.642,5,4,4,544,13,High Value
Henry MacAllister,248,7,736.276,1,1,1,111,3,Low Value
Herbert Flentye,22,19,2533.1639999999998,5,5,3,553,13,High Value
Hilary Holden,73,6,218.668,3,1,1,311,5,Low Value
Hunter Glantz,7,11,3690.284,5,3,4,534,12,High Value
Hunter Lopez,44,11,12873.297999999999,4,3,5,435,12,High Value
Ionia McGrath,410,4,2872.63,1,1,4,114,6,Low Value
Irene Maddox,391,21,4930.474,1,5,5,155,11,Mid Value
Ivan Gibson,72,7,744.574,3,1,1,311,5,Low Value
Ivan Liston,143,14,5040.736,2,4,5,245,11,Mid Value
Jack Garza,759,7,2358.676,1,1,3,113,5,Low Value
Jack Lebron,9,12,1214.956,5,3,2,532,10,Mid Value
Jack O'Briant,58,13,3254.949,3,3,4,334,10,Mid Value
James Galang,2,18,6366.392,5,4,5,545,14,High Value
James Lanier,7,7,1571.523,5,1,2,512,8,Low Value
Jamie Frazer,66,19,2279.5860000000002,3,5,3,353,11,Mid Value
Jamie Kunitz,62,13,4427.142,3,3,5,335,11,Mid Value
Jane Waco,43,14,7721.714,4,4,5,445,13,High Value
Janet Lee,120,10,2203.7,2,2,3,223,7,Low Value
Janet Martin,38,19,3159.1220000000003,4,5,4,454,13,High Value
Janet Molinari,38,13,1804.146,4,3,3,433,10,Mid Value
Jas O'Carroll,93,11,1934.272,3,3,3,333,9,Mid Value
Jason Fortune-,226,14,955.124,1,4,1,141,6,Low Value
Jason Gross,3,11,2240.58,5,3,3,533,11,Mid Value
Jason Klamczynski,288,4,383.812,1,1,1,111,3,Low Value
Jasper Cacioppo,115,4,71.263,2,1,1,211,4,Low Value
Jay Fein,106,16,1911.844,2,4,3,243,9,Mid Value
Jay Kimmel,45,17,2709.632,4,4,3,443,11,Mid Value
Jenna Caffey,176,4,1058.108,2,1,2,212,5,Low Value
Jennifer Braxton,8,16,1791.605,5,4,3,543,12,High Value
Jennifer Ferguson,3,14,2371.448,5,4,3,543,12,High Value
Jennifer Halladay,6,7,309.281,5,1,1,511,7,Low Value
Jennifer Jackson,484,6,709.178,1,1,1,111,3,Low Value
Jennifer Patt,38,15,1669.135,4,4,2,442,10,Mid Value
Jeremy Ellison,194,13,1388.682,2,3,2,232,7,Low Value
Jeremy Farry,122,15,1082.918,2,4,2,242,8,Low Value
Jeremy Lonsdale,50,17,3173.874,4,4,4,444,12,High Value
Jeremy Pistek,9,16,3635.594,5,4,4,544,13,High Value
Jessica Myrick,103,10,1733.443,3,2,2,322,7,Low Value
Jesus Ocampo,216,11,1090.838,2,3,2,232,7,Low Value
Jill Fjeld,55,16,4198.332,3,4,4,344,11,Mid Value
Jill Matthias,1,7,303.948,5,1,1,511,7,Low Value
Jill Stevenson,120,8,1417.654,2,2,2,222,6,Low Value
Jim Epp,49,20,7754.976,4,5,5,455,14,High Value
Jim Karlsson,62,12,3760.028,3,3,4,334,10,Mid Value
Jim Kriz,181,12,4760.434,2,3,5,235,10,Mid Value
Jim Mitchum,9,12,864.947,5,3,1,531,9,Mid Value
Jim Radford,594,3,1156.658,1,1,2,112,4,Low Value
Jim Sink,43,11,1131.0639999999999,4,3,2,432,9,Mid Value
Jocasta Rupert,69,1,863.88,3,1,1,311,5,Low Value
Joe Elijah,47,22,8697.842999999999,4,5,5,455,14,High Value
Joe Kamberova,85,20,4867.2,3,5,5,355,13,High Value
Joel Eaton,52,23,6760.8150000000005,4,5,5,455,14,High Value
Joel Jenkins,754,3,195.0,1,1,1,111,3,Low Value
John Castell,159,16,2772.055,2,4,4,244,10,Mid Value
John Dryer,118,7,2152.352,2,1,3,213,6,Low Value
John Grady,224,9,1507.018,2,2,2,222,6,Low Value
John Huston,175,8,528.91,2,2,1,221,5,Low Value
John Lee,22,34,9799.923,5,5,5,555,15,High Value
John Lucas,615,11,2725.256,1,3,3,133,7,Low Value
John Murray,110,13,7625.076000000001,2,3,5,235,10,Mid Value
John Stevenson,535,9,3868.02,1,2,4,124,7,Low Value
Jonathan Doherty,395,32,7610.8640000000005,1,5,5,155,11,Mid Value
Jonathan Howell,42,9,959.477,4,2,1,421,7,Low Value
Joni Blumstein,738,8,900.552,1,2,1,121,4,Low Value
Joni Sundaresam,464,8,469.169,1,2,1,121,4,Low Value
Joni Wasserman,6,11,1244.086,5,3,2,532,10,Mid Value
Joseph Airdo,93,24,6491.026,3,5,5,355,13,High Value
Joseph Holt,30,14,7954.9980000000005,4,4,5,445,13,High Value
Joy Bell-,44,7,644.1188,4,1,1,411,6,Low Value
Joy Daniels,113,11,385.43,2,3,1,231,6,Low Value
Joy Smith,29,18,2516.494,4,4,3,443,11,Mid Value
Julia Barnett,8,9,2518.115,5,2,3,523,10,Mid Value
Julia Dunbar,301,6,695.442,1,1,1,111,3,Low Value
Julia West,462,7,1428.731,1,1,2,112,4,Low Value
Juliana Krohn,29,9,3747.668,4,2,4,424,10,Mid Value
Julie Creighton,58,9,858.576,3,2,1,321,6,Low Value
Julie Kriz,118,17,2932.484,2,4,4,244,10,Mid Value
Julie Prescott,103,13,1707.71,3,3,2,332,8,Low Value
Justin Deggeller,42,17,8828.0305,4,4,5,445,13,High Value
Justin Ellison,21,7,2697.248,5,1,3,513,9,Mid Value
Justin Hirsh,405,5,2256.3940000000002,1,1,3,113,5,Low Value
Justin MacKendrick,58,19,2833.9260000000004,3,5,4,354,12,High Value
Justin Ritter,34,10,2201.686,4,2,3,423,9,Mid Value
Kalyca Meade,15,19,2260.958,5,5,3,553,13,High Value
Karen Bern,5,10,3152.6150000000002,5,2,4,524,11,Mid Value
Karen Carlisle,408,10,2120.954,1,2,3,123,6,Low Value
Karen Daniels,485,16,8282.358,1,4,5,145,10,Mid Value
Karen Ferguson,98,18,10604.266,3,4,5,345,12,High Value
Karen Seio,296,4,88.472,1,1,1,111,3,Low Value
Karl Braun,297,22,1569.464,1,5,2,152,8,Low Value
Katharine Harms,41,18,3312.864,4,4,4,444,12,High Value
Katherine Ducich,42,10,1888.964,4,2,3,423,9,Mid Value
Katherine Hughes,2,14,3100.612,5,4,4,544,13,High Value
Katherine Murray,57,20,5620.186,3,5,5,355,13,High Value
Katherine Nockton,20,17,2617.272,5,4,3,543,12,High Value
Katrina Bavinger,118,9,908.821,2,2,1,221,5,Low Value
Katrina Edelman,27,15,1686.7312,5,4,2,542,11,Mid Value
Katrina Willman,97,10,4416.5199999999995,3,2,5,325,10,Mid Value
Kean Nguyen,53,8,2171.962,4,2,3,423,9,Mid Value
Kean Takahito,392,14,3057.1,1,4,4,144,9,Mid Value
Kean Thornton,101,13,4642.088400000001,3,3,5,335,11,Mid Value
Keith Dawkins,113,28,8181.256,2,5,5,255,12,High Value
Keith Herrera,23,23,5952.859,5,5,5,555,15,High Value
Kelly Andreada,37,11,1519.506,4,3,2,432,9,Mid Value
Kelly Collister,98,5,3908.262,3,1,4,314,8,Low Value
Kelly Lampkin,17,22,5016.488,5,5,5,555,15,High Value
Kelly Williams,772,5,449.096,1,1,1,111,3,Low Value
Ken Black,231,23,2744.742,1,5,3,153,9,Mid Value
Ken Brennan,2,9,983.922,5,2,2,522,9,Mid Value
Ken Dana,290,13,2243.5099999999998,1,3,3,133,7,Low Value
Ken Heidel,59,17,3918.9660000000003,3,4,4,344,11,Mid Value
Ken Lonsdale,48,29,14175.229000000001,4,5,5,455,14,High Value
Khloe Miller,16,9,453.538,5,2,1,521,8,Low Value
Kimberly Carter,58,7,1146.05,3,1,2,312,6,Low Value
Kristen Hastings,3,15,5990.799,5,4,5,545,14,High Value
Kristina Nunn,99,15,2280.58,3,4,3,343,10,Mid Value
Kunst Miller,29,28,4909.472,4,5,5,455,14,High Value
Larry Blacks,49,3,50.188,4,1,1,411,6,Low Value
Larry Hughes,152,3,287.426,2,1,1,211,4,Low Value
Larry Tron,27,3,329.876,5,1,1,511,7,Low Value
Laura Armstrong,155,26,8673.222,2,5,5,255,12,High Value
Laurel Beltran,153,24,4985.676,2,5,5,255,12,High Value
Laurel Elliston,22,9,1469.45,5,2,2,522,9,Mid Value
Laurel Workman,89,15,2238.061,3,4,3,343,10,Mid Value
Lauren Leatherbury,250,12,2741.2039999999997,1,3,3,133,7,Low Value
Lela Donovan,553,1,5.304,1,1,1,111,3,Low Value
Lena Cacioppo,28,30,2580.7039999999997,4,5,3,453,12,High Value
Lena Creighton,17,23,7663.126,5,5,5,555,15,High Value
Lena Hernandez,22,15,2295.332,5,4,3,543,12,High Value
Lena Radford,27,16,5142.892,5,4,5,545,14,High Value
Linda Cazamias,42,14,4492.946,4,4,5,445,13,High Value
Linda Southworth,179,14,2845.27,2,4,4,244,10,Mid Value
Lindsay Castell,437,7,3246.626,1,1,4,114,6,Low Value
Lindsay Shagiari,21,22,2988.674,5,5,4,554,14,High Value
Lindsay Williams,34,11,3230.308,4,3,4,434,11,Mid Value
Lisa DeCherney,415,7,1961.934,1,1,3,113,5,Low Value
Lisa Hazard,240,6,318.239,1,1,1,111,3,Low Value
Lisa Ryan,133,12,1879.306,2,3,3,233,8,Low Value
Liz Carlisle,55,9,2095.064,3,2,3,323,8,Low Value
Liz MacKendrick,392,7,1346.774,1,1,2,112,4,Low Value
Liz Pelletier,41,9,756.606,4,2,1,421,7,Low Value
Liz Preis,10,15,3653.399,5,4,4,544,13,High Value
Liz Thompson,35,14,2936.252,4,4,4,444,12,High Value
Liz Willingham,206,5,1259.04,2,1,2,212,5,Low Value
Logan Currie,14,19,2633.582,5,5,3,553,13,High Value
Logan Haushalter,386,19,1739.689,1,5,3,153,9,Mid Value
Lori Olson,3,9,644.35,5,2,1,521,8,Low Value
Luke Foster,23,16,3930.5089999999996,5,4,4,544,13,High Value
Luke Schmidt,97,14,1010.2560000000001,3,4,2,342,9,Mid Value
Luke Weiss,22,15,5420.514,5,4,5,545,14,High Value
Lycoris Saunders,778,6,368.88000000000005,1,1,1,111,3,Low Value
Lynn Smith,35,12,1008.1360000000001,4,3,2,432,9,Mid Value
Magdelene Morse,169,6,1314.023,2,1,2,212,5,Low Value
Marc Crier,77,13,2725.982,3,3,3,333,9,Mid Value
Marc Harrigan,120,13,2394.025,2,3,3,233,8,Low Value
Maria Bertelson,49,19,1548.702,4,5,2,452,11,Mid Value
Maria Etezadi,43,22,10663.728000000001,4,5,5,455,14,High Value
Maria Zettner,31,6,593.606,4,1,1,411,6,Low Value
Maribeth Dona,118,17,3766.382,2,4,4,244,10,Mid Value
Maribeth Schnelling,274,24,7443.6900000000005,1,5,5,155,11,Mid Value
Maribeth Yedwab,30,13,2254.285,4,3,3,433,10,Mid Value
Marina Lichtenstein,70,20,2722.843,3,5,3,353,11,Mid Value
Maris LaWare,55,15,2921.5,3,4,4,344,11,Mid Value
Mark Cousins,400,10,4432.138,1,2,5,125,8,Low Value
Mark Haberlin,377,9,400.016,1,2,1,121,4,Low Value
Mark Hamilton,86,11,2456.1820000000002,3,3,3,333,9,Mid Value
Mark Packer,720,14,3206.132,1,4,4,144,9,Mid Value
Mark Van Huff,28,15,1560.05,4,4,2,442,10,Mid Value
Mary O'Rourke,73,5,922.487,3,1,1,311,5,Low Value
Mary Zewe,283,10,2564.906,1,2,3,123,6,Low Value
MaryBeth Skach,435,7,475.65599999999995,1,1,1,111,3,Low Value
Mathew Reese,126,6,639.178,2,1,1,211,4,Low Value
Matt Abelman,65,34,4299.161,3,5,5,355,13,High Value
Matt Collins,28,11,1303.893,4,3,2,432,9,Mid Value
Matt Collister,52,17,2426.067,4,4,3,443,11,Mid Value
Matt Connell,113,18,2258.192,2,4,3,243,9,Mid Value
Matt Hagelstein,156,6,1252.8,2,1,2,212,5,Low Value
Matthew Clasen,190,8,795.154,2,2,1,221,5,Low Value
Matthew Grinstein,30,14,3785.276,4,4,4,444,12,High Value
Maureen Fritzler,422,8,937.039,1,2,1,121,4,Low Value
Maureen Gastineau,93,10,2350.188,3,2,3,323,8,Low Value
Maureen Gnade,556,7,1342.282,1,1,2,112,4,Low Value
Maurice Satty,414,15,1613.402,1,4,2,142,7,Low Value
Max Engle,29,13,1908.4532,4,3,3,433,10,Mid Value
Max Jones,23,15,6320.746,5,4,5,545,14,High Value
Max Ludwig,30,13,2071.9139999999998,4,3,3,433,10,Mid Value
Maxwell Schwartz,122,19,3144.678,2,5,4,254,11,Mid Value
Maya Herman,99,11,2203.7780000000002,3,3,3,333,9,Mid Value
Meg O'Connel,105,11,1687.0269999999998,2,3,2,232,7,Low Value
Meg Tillman,50,10,2890.139,4,2,4,424,10,Mid Value
Melanie Seite,453,5,370.348,1,1,1,111,3,Low Value
Michael Chen,2,14,3805.714,5,4,4,544,13,High Value
Michael Dominguez,37,8,1204.91,4,2,2,422,8,Low Value
Michael Grace,117,7,1242.8329999999999,2,1,2,212,5,Low Value
Michael Granlund,100,13,776.384,3,3,1,331,7,Low Value
Michael Kennedy,29,17,2302.368,4,4,3,443,11,Mid Value
Michael Moore,8,16,3794.0800000000004,5,4,4,544,13,High Value
Michael Nguyen,35,10,2477.946,4,2,3,423,9,Mid Value
Michael Oakman,181,4,154.288,2,1,1,211,4,Low Value
Michael Paige,73,20,3983.6420000000003,3,5,4,354,12,High Value
Michael Stewart,27,11,855.116,5,3,1,531,9,Mid Value
Michelle Arnett,187,12,2453.284,2,3,3,233,8,Low Value
Michelle Ellison,93,6,1256.944,3,1,2,312,6,Low Value
Michelle Huthwaite,50,10,2984.948,4,2,4,424,10,Mid Value
Michelle Lonsdale,80,4,742.082,3,1,1,311,5,Low Value
Michelle Moray,62,19,2749.881,3,5,3,353,11,Mid Value
Michelle Tran,204,11,1319.4498,2,3,2,232,7,Low Value
Mick Brown,45,10,1428.231,4,2,2,422,8,Low Value
Mick Crebagga,42,19,2218.98,4,5,3,453,12,High Value
Mick Hernandez,6,22,5503.093,5,5,5,555,15,High Value
Mike Caudle,370,11,1581.9979999999998,1,3,2,132,6,Low Value
Mike Gockenbach,85,8,3061.543,3,2,4,324,9,Mid Value
Mike Kennedy,241,11,1031.602,1,3,2,132,6,Low Value
Mike Pelletier,17,19,5087.92,5,5,5,555,15,High Value
Mike Vittorini,20,11,1734.574,5,3,2,532,10,Mid Value
Mitch Gastineau,265,2,16.739,1,1,1,111,3,Low Value
Mitch Webber,18,14,5341.900000000001,5,4,5,545,14,High Value
Mitch Willingham,45,3,5253.876,4,1,5,415,10,Mid Value
Monica Federle,8,12,1758.3,5,3,3,533,11,Mid Value
Muhammed Lee,101,3,162.232,3,1,1,311,5,Low Value
Muhammed MacIntyre,86,12,775.414,3,3,1,331,7,Low Value
Muhammed Yedwab,72,21,4152.696,3,5,4,354,12,High Value
Nancy Lomonaco,59,10,1418.0900000000001,3,2,2,322,7,Low Value
Naresj Patel,26,21,5529.62,5,5,5,555,15,High Value
Nat Carroll,225,17,2461.404,2,4,3,243,9,Mid Value
Nat Gilpin,49,16,1869.58,4,4,3,443,11,Mid Value
Natalie DeCherney,28,18,4326.139,4,4,5,445,13,High Value
Natalie Fritzler,80,14,8322.826,3,4,5,345,12,High Value
Natalie Webber,173,22,7234.014,2,5,5,255,12,High Value
Nathan Cano,42,14,2218.9900000000002,4,4,3,443,11,Mid Value
Nathan Gelder,49,9,1395.9379999999999,4,2,2,422,8,Low Value
Nathan Mautz,161,14,6459.344,2,4,5,245,11,Mid Value
Neil Ducich,184,8,2893.455,2,2,4,224,8,Low Value
Neil Französisch,526,4,377.16200000000003,1,1,1,111,3,Low Value
Neil Knudson,71,11,572.048,3,3,1,331,7,Low Value
Neola Schneider,7,15,2575.863,5,4,3,543,12,High Value
Neoma Murray,245,15,2161.979,1,4,3,143,8,Low Value
Nick Crebassa,7,15,8241.739,5,4,5,545,14,High Value
Nick Radford,211,13,2367.277,2,3,3,233,8,Low Value
Nick Zandusky,86,20,2488.31,3,5,3,353,11,Mid Value
Nicole Brennan,1166,2,273.87199999999996,1,1,1,111,3,Low Value
Nicole Fjeld,115,12,2031.472,2,3,3,233,8,Low Value
Nicole Hansen,190,11,2673.29,2,3,3,233,8,Low Value
Noah Childs,205,9,1821.742,2,2,3,223,7,Low Value
Noel Staavos,175,26,2964.823,2,5,4,254,11,Mid Value
Nona Balk,20,17,1972.599,5,4,3,543,12,High Value
Nora Paige,59,10,3908.402,3,2,4,324,9,Mid Value
Nora Pelletier,407,7,1228.698,1,1,2,112,4,Low Value
Nora Preis,139,13,7903.1825,2,3,5,235,10,Mid Value
Odella Nelson,411,15,1567.52,1,4,2,142,7,Low Value
Olvera Toch,66,10,3818.624,3,2,4,324,9,Mid Value
Pamela Coakley,3,5,1832.064,5,1,3,513,9,Mid Value
Pamela Stobb,108,21,2181.479,2,5,3,253,10,Mid Value
Parhena Norris,31,13,1467.152,4,3,2,432,9,Mid Value
Patricia Hirasaki,71,2,729.648,3,1,1,311,5,Low Value
Patrick Bzostek,26,10,740.356,5,2,1,521,8,Low Value
Patrick Gardner,37,26,3086.907,4,5,4,454,13,High Value
Patrick Jones,40,13,1220.09,4,3,2,432,9,Mid Value
Patrick O'Brill,5,22,7473.8282,5,5,5,555,15,High Value
Patrick O'Donnell,1,13,2493.214,5,3,3,533,11,Mid Value
Patrick Ryan,37,12,1840.178,4,3,3,433,10,Mid Value
Paul Gonzalez,58,17,1987.164,3,4,3,343,10,Mid Value
Paul Knutson,484,3,1441.152,1,1,2,112,4,Low Value
Paul Lucas,16,8,239.481,5,2,1,521,8,Low Value
Paul MacIntyre,387,4,1405.402,1,1,2,112,4,Low Value
Paul Prost,98,34,7252.608,3,5,5,355,13,High Value
Paul Stevenson,70,13,1278.639,3,3,2,332,8,Low Value
Paul Van Hugh,90,13,2876.046,3,3,4,334,10,Mid Value
Pauline Chand,883,3,1061.488,1,1,2,112,4,Low Value
Pauline Johnson,135,10,1824.2340000000002,2,2,3,223,7,Low Value
Pauline Webber,47,13,3454.916,4,3,4,434,11,Mid Value
Penelope Sewall,237,13,6843.634,1,3,5,135,9,Mid Value
Pete Armstrong,104,7,729.408,3,1,1,311,5,Low Value
Pete Kriz,10,25,8646.934,5,5,5,555,15,High Value
Pete Takahito,72,7,160.572,3,1,1,311,5,Low Value
Peter Bühler,58,5,688.324,3,1,1,311,5,Low Value
Peter Fuller,836,19,9062.864,1,5,5,155,11,Mid Value
Peter McVee,52,7,4115.662,4,1,4,414,9,Mid Value
Philip Brown,98,11,1456.95,3,3,2,332,8,Low Value
Philip Fox,197,10,2770.0,2,2,4,224,8,Low Value
Philisse Overcash,161,18,4893.043,2,4,5,245,11,Mid Value
Phillina Ober,87,10,1056.858,3,2,2,322,7,Low Value
Phillip Breyer,689,2,132.738,1,1,1,111,3,Low Value
Phillip Flathmann,115,10,2206.1279999999997,2,2,3,223,7,Low Value
Pierre Wener,465,12,3922.4150000000004,1,3,4,134,8,Low Value
Quincy Jones,26,13,6108.338,5,3,5,535,13,High Value
Rachel Payne,497,12,954.6452,1,3,1,131,5,Low Value
Ralph Arnett,6,17,2617.906,5,4,3,543,12,High Value
Ralph Kennedy,120,8,1460.192,2,2,2,222,6,Low Value
Ralph Ritter,20,4,615.932,5,1,1,511,7,Low Value
Randy Bradley,69,6,1008.1959999999999,3,1,2,312,6,Low Value
Randy Ferguson,391,16,3309.15,1,4,4,144,9,Mid Value
Raymond Buch,97,18,15117.339,3,4,5,345,12,High Value
Raymond Messe,346,9,1453.474,1,2,2,122,5,Low Value
Resi Pölking,34,25,5153.084,4,5,5,455,14,High Value
Ricardo Emerson,1098,1,48.36,1,1,1,111,3,Low Value
Ricardo Sperren,77,9,3221.29,3,2,4,324,9,Mid Value
Richard Bierner,20,16,2663.0860000000002,5,4,3,543,12,High Value
Richard Eichhorn,303,9,876.696,1,2,1,121,4,Low Value
Rick Bensley,10,23,4715.466,5,5,5,555,15,High Value
Rick Duston,73,15,4272.93,3,4,4,344,11,Mid Value
Rick Hansen,33,8,3621.3759999999997,4,2,4,424,10,Mid Value
Rick Huthwaite,468,12,6979.18,1,3,5,135,9,Mid Value
Rick Reed,171,10,3302.2619999999997,2,2,4,224,8,Low Value
Rick Wilson,121,23,7397.401,2,5,5,255,12,High Value
Ritsa Hightower,520,3,740.382,1,1,1,111,3,Low Value
Rob Beeghly,26,9,528.546,5,2,1,521,8,Low Value
Rob Dowd,181,19,2912.8940000000002,2,5,4,254,11,Mid Value
Rob Haberlin,535,11,2085.7400000000002,1,3,3,133,7,Low Value
Rob Lucas,122,24,6234.91,2,5,5,255,12,High Value
Rob Williams,90,16,3279.746,3,4,4,344,11,Mid Value
Robert Barroso,649,7,221.084,1,1,1,111,3,Low Value
Robert Dilbeck,115,5,2786.632,2,1,4,214,7,Low Value
Robert Marley,7,11,5979.0960000000005,5,3,5,535,13,High Value
Robert Waldorf,80,15,3495.646,3,4,4,344,11,Mid Value
Roger Barcio,55,7,2067.45,3,1,3,313,7,Low Value
Roger Demir,22,20,1419.737,5,5,2,552,12,High Value
Roland Fjeld,90,14,2341.2960000000003,3,4,3,343,10,Mid Value
Roland Murray,300,2,98.35,1,1,1,111,3,Low Value
Roland Schwarz,37,14,4159.7699999999995,4,4,4,444,12,High Value
Rose O'Brian,36,12,3815.478,4,3,4,434,11,Mid Value
Ross Baird,33,18,5633.316000000001,4,4,5,445,13,High Value
Ross DeVincentis,15,16,1137.616,5,4,2,542,11,Mid Value
Roy Collins,370,10,966.409,1,2,2,122,5,Low Value
Roy Französisch,7,11,945.222,5,3,1,531,9,Mid Value
Roy Phan,29,15,2170.716,4,4,3,443,11,Mid Value
Roy Skaria,20,3,22.328,5,1,1,511,7,Low Value
Ruben Ausman,44,15,3832.314,4,4,4,444,12,High Value
Ruben Dartt,115,21,3133.924,2,5,4,254,11,Mid Value
Russell Applegate,13,22,4793.543,5,5,5,555,15,High Value
Russell D'Ascenzo,43,10,970.9420000000001,4,2,2,422,8,Low Value
Ryan Akin,62,9,1686.9225,3,2,2,322,7,Low Value
Ryan Crowe,111,11,885.752,2,3,1,231,6,Low Value
Sally Hughsby,30,29,3406.8395,4,5,4,454,13,High Value
Sally Knutson,9,5,883.409,5,1,1,511,7,Low Value
Sally Matthias,422,6,244.49399999999997,1,1,1,111,3,Low Value
Sam Craven,782,17,3362.9636,1,4,4,144,9,Mid Value
Sam Zeldin,36,20,3625.329,4,5,4,454,13,High Value
Sample Company A,41,15,4624.572,4,4,5,445,13,High Value
Sandra Flanagan,60,9,763.5459999999999,3,2,1,321,6,Low Value
Sandra Glassco,9,11,3406.5809999999997,5,3,4,534,12,High Value
Sanjit Chand,350,22,14142.333999999999,1,5,5,155,11,Mid Value
Sanjit Engle,10,19,12209.438000000002,5,5,5,555,15,High Value
Sanjit Jacobs,96,24,3949.656,3,5,4,354,12,High Value
Saphhira Shifley,16,21,1324.028,5,5,2,552,12,High Value
Sara Luxemburg,71,9,3053.012,3,2,4,324,9,Mid Value
Sarah Bern,202,7,1348.02,2,1,2,212,5,Low Value
Sarah Brown,189,12,6410.996,2,3,5,235,10,Mid Value
Sarah Foster,60,15,3422.7859999999996,3,4,4,344,11,Mid Value
Sarah Jordon,30,10,1341.036,4,2,2,422,8,Low Value
Scot Coram,150,11,4371.9580000000005,2,3,5,235,10,Mid Value
Scot Wooten,82,10,1085.078,3,2,2,322,7,Low Value
Scott Cohen,188,18,3729.7929999999997,2,4,4,244,10,Mid Value
Scott Williamson,31,7,1966.65,4,1,3,413,8,Low Value
Sean Braxton,48,17,8057.891,4,4,5,445,13,High Value
Sean Christensen,30,12,3979.065,4,3,4,434,11,Mid Value
Sean Miller,80,15,25043.05,3,4,5,345,12,High Value
Sean O'Donnell,30,15,2602.5755,4,4,3,443,11,Mid Value
Sean Wendt,163,6,1019.044,2,1,2,212,5,Low Value
Seth Vernon,102,32,11470.949999999999,3,5,5,355,13,High Value
Shahid Collister,31,20,5992.536,4,5,5,455,14,High Value
Shahid Hopkins,24,15,2180.718,5,4,3,543,12,High Value
Shahid Shariari,111,12,3056.8070000000002,2,3,4,234,9,Mid Value
Sharelle Roach,9,9,3233.481,5,2,4,524,11,Mid Value
Shaun Chance,37,10,1874.998,4,2,3,423,9,Mid Value
Shaun Weien,163,9,2921.544,2,2,4,224,8,Low Value
Sheri Gordon,184,14,1884.798,2,4,3,243,9,Mid Value
Shirley Daniels,201,21,6121.114,2,5,5,255,12,High Value
Shirley Jackson,254,7,1318.776,1,1,2,112,4,Low Value
Shirley Schmidt,492,6,613.4,1,1,1,111,3,Low Value
Shui Tom,126,12,433.34000000000003,2,3,1,231,6,Low Value
Sibella Parks,328,10,1306.086,1,2,2,122,5,Low Value
Skye Norling,112,15,1860.418,2,4,3,243,9,Mid Value
Sonia Cooley,93,7,902.7280000000001,3,1,1,311,5,Low Value
Sonia Sunley,433,9,418.49,1,2,1,121,4,Low Value
Speros Goranitis,109,13,3124.832,2,3,4,234,9,Mid Value
Stefania Perrino,48,24,5440.319,4,5,5,455,14,High Value
Stefanie Holloman,766,2,2096.392,1,1,3,113,5,Low Value
Stephanie Phelps,387,15,1872.4360000000001,1,4,3,143,8,Low Value
Stephanie Ulpright,21,18,2595.364,5,4,3,543,12,High Value
Steve Carroll,127,8,1254.64,2,2,2,222,6,Low Value
Steve Chapman,90,14,2576.408,3,4,3,343,10,Mid Value
Steve Nguyen,80,19,3127.9592,3,5,4,354,12,High Value
Steven Cartwright,188,26,5226.21,2,5,5,255,12,High Value
Steven Roelle,197,12,4345.8859999999995,2,3,5,235,10,Mid Value
Steven Ward,535,8,758.6959999999999,1,2,1,121,4,Low Value
Stewart Carmichael,42,21,4492.657,4,5,5,455,14,High Value
Stewart Visinsky,321,25,4105.305,1,5,4,154,10,Mid Value
Stuart Calhoun,31,5,279.25600000000003,4,1,1,411,6,Low Value
Stuart Van,77,6,1271.0900000000001,3,1,2,312,6,Low Value
Sue Ann Reed,64,21,4767.3415,3,5,5,355,13,High Value
Sung Chung,132,4,280.632,2,1,1,211,4,Low Value
Sung Pak,80,24,4282.94,3,5,5,355,13,High Value
Sung Shariari,121,15,964.636,2,4,2,242,8,Low Value
Susan Gilcrest,227,5,47.946,1,1,1,111,3,Low Value
Susan MacKendrick,607,6,1043.041,1,1,2,112,4,Low Value
Susan Pistek,71,14,3990.689,3,4,4,344,11,Mid Value
Susan Vittorini,3,13,1903.491,5,3,3,533,11,Mid Value
Suzanne McNair,26,22,5563.392,5,5,5,555,15,High Value
Sylvia Foulston,49,17,3336.535,4,4,4,444,12,High Value
Tamara Chand,400,12,19052.218,1,3,5,135,9,Mid Value
Tamara Dahlen,38,16,1434.5480000000002,4,4,2,442,10,Mid Value
Tamara Manning,104,19,2955.2259999999997,3,5,4,354,12,High Value
Tamara Willingham,65,12,5278.826,3,3,5,335,11,Mid Value
Tanja Norvell,91,12,3130.221,3,3,4,334,10,Mid Value
Ted Butterfield,120,18,1467.881,2,4,2,242,8,Low Value
Ted Trevino,32,14,4915.602,4,4,5,445,13,High Value
Thais Sissman,358,2,4.833,1,1,1,111,3,Low Value
Thea Hendricks,345,7,2422.824,1,1,3,113,5,Low Value
Thea Hudgings,59,9,2942.772,3,2,4,324,9,Mid Value
Theone Pippenger,9,16,4454.0560000000005,5,4,5,545,14,High Value
Theresa Coyne,107,4,1038.26,2,1,2,212,5,Low Value
Theresa Swint,505,17,2163.6240000000003,1,4,3,143,8,Low Value
Thomas Boland,59,11,3589.296,3,3,4,334,10,Mid Value
Thomas Brumley,50,4,816.1740000000001,4,1,1,411,6,Low Value
Thomas Seio,199,19,5371.09,2,5,5,255,12,High Value
Thomas Thornton,184,15,1427.0439999999999,2,4,2,242,8,Low Value
Tiffany House,118,13,1022.201,2,3,2,232,7,Low Value
Tim Brockman,350,19,1602.376,1,5,2,152,8,Low Value
Tim Taslimi,407,3,439.5,1,1,1,111,3,Low Value
Toby Braunhardt,584,11,2198.45,1,3,3,133,7,Low Value
Toby Carlisle,28,16,4266.812,4,4,4,444,12,High Value
Toby Gnade,338,9,3058.372,1,2,4,124,7,Low Value
Toby Ritter,194,7,675.9419999999999,2,1,1,211,4,Low Value
Toby Swindell,227,12,974.7819999999999,1,3,2,132,6,Low Value
Todd Boyes,147,13,834.328,2,3,1,231,6,Low Value
Todd Sumrall,37,15,11891.751,4,4,5,445,13,High Value
Tom Ashbrook,70,10,14595.62,3,2,5,325,10,Mid Value
Tom Boeckenhauer,203,17,9133.99,2,4,5,245,11,Mid Value
Tom Prescott,105,10,5329.0048,2,2,5,225,9,Mid Value
Tom Stivers,173,7,2054.14,2,1,3,213,6,Low Value
Tonja Turnell,13,14,5364.808,5,4,5,545,14,High Value
Tony Chapman,154,11,1244.976,2,3,2,232,7,Low Value
Tony Molinari,131,4,1094.6779999999999,2,1,2,212,5,Low Value
Tony Sayre,12,14,2243.274,5,4,3,543,12,High Value
Tracy Blumstein,108,20,4737.486,2,5,5,255,12,High Value
Tracy Collins,5,10,742.5580000000001,5,2,1,521,8,Low Value
Tracy Hopkins,73,13,4234.0960000000005,3,3,4,334,10,Mid Value
Tracy Poddar,351,10,1936.6399999999999,1,2,3,123,6,Low Value
Tracy Zic,36,9,1707.286,4,2,2,422,8,Low Value
Troy Blackwell,286,7,1387.559,1,1,2,112,4,Low Value
Troy Staebel,56,11,2820.424,3,3,4,334,10,Mid Value
Trudy Brown,31,15,2797.668,4,4,4,444,12,High Value
Trudy Glocke,115,10,2074.661,2,2,3,223,7,Low Value
Trudy Schmidt,239,14,3368.094,1,4,4,144,9,Mid Value
Valerie Dominguez,582,16,6442.254,1,4,5,145,10,Mid Value
Valerie Mitchum,55,12,2454.866,3,3,3,333,9,Mid Value
Valerie Takahito,1001,9,1736.596,1,2,2,122,5,Low Value
Vicky Freymann,14,11,847.944,5,3,1,531,9,Mid Value
Victor Preis,31,5,993.9019999999999,4,1,2,412,7,Low Value
Victoria Brennan,55,10,2005.596,3,2,3,323,8,Low Value
Victoria Pisteka,76,14,3360.526,3,4,4,344,11,Mid Value
Victoria Wilson,29,18,6134.0380000000005,4,4,5,445,13,High Value
Vivek Gonzalez,155,8,846.01,2,2,1,221,5,Low Value
Vivek Grady,287,6,427.372,1,1,1,111,3,Low Value
Vivek Sundaresam,222,8,1055.981,2,2,2,222,6,Low Value
Vivian Mathis,118,8,380.69,2,2,1,221,5,Low Value
William Brown,21,37,6160.102,5,5,5,555,15,High Value
Xylona Preis,44,28,2374.658,4,5,3,453,12,High Value
Yana Sorensen,10,12,6720.4439999999995,5,3,5,535,13,High Value
Yoseph Carroll,5,8,5454.35,5,2,5,525,12,High Value
Zuschuss Carroll,55,31,8025.707,3,5,5,355,13,High Value
Zuschuss Donatelli,203,9,1493.944,2,2,2,222,6,Low Value
